,,,,,,,,,,
,,,,,,,,,,
,Page,Section,Section Type,Content Status,Priority,Content Description,Content,SEO Keywords,Target Audience,Call to Action
,Home Page,Hero Section,Hero Banner,Sample Content Complete,High,"Main landing page hero with Dr. Anderson's photo, title, and value proposition","Dr. Anderson Uvie-Emegbo - Executive Coach | Entrepreneur | Educator | Author. From Medicine to Finance to Global Leadership Excellence. Transform your leadership impact through proven methodologies refined across 80+ countries. Whether you're scaling your organization, launching an innovation initiative, or developing your executive presence, discover the strategic clarity and authentic confidence that defines exceptional leaders. Join 1000+ executives who have elevated their leadership through personalized coaching that delivers measurable results.","executive coach, leadership development, business transformation, entrepreneur, global leadership","Senior executives, C-suite leaders, business owners",Schedule a Consultation
,Home Page,Book Showcase - The Gift,Product Feature,Needs Content,High,Featured book with countdown timer for pre-order launch,The Gift: 'The Story I Was Once Too Afraid to Tell' - A deeply personal narrative that explores vulnerability in leadership and the courage to share authentic stories that inspire transformation.,"leadership books, authentic leadership, personal development",Leaders seeking authenticity,Pre-order Now
,Home Page,Book Showcase - What Matters to Me Now,Product Feature,Needs Content,High,Second featured book with countdown timer,What Matters to Me Now: 'Reflections on Leadership and Purpose' - Insights on what truly drives effective leadership in today's rapidly changing business landscape.,"leadership philosophy, purpose-driven leadership",Business executives,Pre-order Now
,Home Page,Key Pillars Section,Services Overview,Needs Content,High,Four main service areas with icons and descriptions,Executive Coaching: Transforming leaders through personalized coaching and strategic guidance. Venco Africa: Redefining urban living through innovative entrepreneurship. Nova Business School: Delivering world-class business education and corporate training. Books & Insights: Sharing knowledge through published works and thought leadership.,"executive coaching, business education, entrepreneurship",Business professionals,Explore Services
,Home Page,Bio Section,About Preview,Has Content,Medium,Statistics and brief bio,"With a unique blend of medical training, banking expertise, and academic leadership, I bring a multifaceted approach to executive coaching and business transformation. My journey from healthcare to finance, and ultimately to education and entrepreneurship, has equipped me with deep insights into leadership, strategy, and innovation.","leadership background, multidisciplinary experience",Potential clients,Learn More
,Home Page,Testimonial Section,Social Proof,Needs Content,High,Client testimonial with results,"Working with Dr. Anderson has been transformational for both my leadership style and our company's performance. His unique blend of strategic insight and practical wisdom helped us navigate our most challenging growth phase successfully. - CEO, Fortune 500 Company","client success, leadership transformation",Decision makers,Book Consultation
,Home Page,CTA Section,Call to Action,Needs Content,High,Primary call to action for consultation,Ready to Transform Your Leadership? Schedule a consultation to discuss how we can work together to elevate your leadership impact and drive organizational success.,"leadership consultation, executive coaching",Executives ready to invest,Schedule a Consultation
,About Page,Hero Section,Page Header,Needs Content,Medium,About page introduction,About Me: A Journey from Medicine to Leadership Excellence. Discover the unique path that shaped my approach to leadership development and business transformation.,"leadership journey, professional background",People wanting to know more,Contact Me
,About Page,Timeline Section,Biography,Needs Content,High,Professional journey timeline,"Medicine Era: Started career in healthcare, developing understanding of human psychology and decision-making under pressure. Banking Transition: Gained expertise in strategic planning and risk management. CEIBS Experience: Expanded global perspective through international business school work. Current Focus: Leading Nova Business School and co-founding Venco Africa.","career timeline, professional experience",Clients evaluating credibility,Learn About Services
,About Page,Press Coverage,Credibility,Needs Content,Medium,Media mentions and features,"Featured in leading publications including Vanguard, Punch Newspapers, and INMA for expertise in leadership development and business innovation.","media coverage, thought leadership",Credibility seekers,Read Articles
,Executive Coach,Hero Section,Service Header,Needs Content,High,Executive coaching service introduction,"Executive Coaching: Transforming Leaders, Transforming Organizations. Develop the leadership capabilities needed to drive sustainable growth and organizational success.","executive coaching, leadership development",Senior executives,Book Discovery Call
,Executive Coach,Coaching Philosophy,Methodology,Sample Content Complete,High,Three core coaching principles with detailed explanations,"HOLISTIC LEADERSHIP DEVELOPMENT: True leadership transformation requires more than skill acquisition—it demands integration of emotional intelligence, strategic thinking, and authentic communication. My approach addresses the whole leader, examining how personal values align with professional objectives, how cognitive patterns influence decision-making, and how leadership presence impacts organizational culture. We explore the intersection of vulnerability and strength, helping you lead with both confidence and humility.
 

 PRACTICAL APPLICATION FOCUS: Every coaching session is designed to bridge the gap between insight and action. You'll leave with specific strategies you can implement immediately—whether it's restructuring difficult conversations, designing innovation processes, or building high-performance team dynamics. I believe in coaching that creates tangible results, not just awareness. Each framework and tool is tested in real-world executive environments and adapted to your unique context and challenges.
 

 SUSTAINABLE GROWTH ARCHITECTURE: Rather than quick fixes or surface-level improvements, we build lasting leadership capabilities that serve you throughout your career evolution. This means developing internal systems for continuous learning, creating personal boards of advisors, establishing reflection practices, and designing accountability structures that support ongoing growth. The goal is to make you your own best coach while providing the external perspective that accelerates your development.","coaching methodology, leadership philosophy, executive development, holistic leadership","Senior executives seeking transformation, leaders facing complex challenges",Book Discovery Call
,Executive Coach,Coaching Process,Service Process,Needs Content,High,Four-step coaching process,1. Discovery Call: Explore challenges and goals. 2. Assessment: Comprehensive evaluation of leadership style. 3. Strategy Design: Personalized development plan creation. 4. Implementation: Regular sessions with practical exercises.,"coaching process, executive development",Potential coaching clients,Book Discovery Call
,Entrepreneur,Mission Section,Company Vision,Needs Content,High,Venco Africa mission and vision,"Venco Africa: Redefining Urban Living. Our mission is to transform how people experience urban life through innovative technology solutions that connect communities, streamline services, and enhance quality of life.","urban innovation, African entrepreneurship",Investors and partners,Learn More
,Entrepreneur,Problem/Solution,Value Proposition,Needs Content,High,Market problem and solution overview,"The Problem: Urban living in Africa faces fragmented services, lack of community connection, and limited access to quality amenities. The Solution: Venco Africa creates an integrated platform connecting residents, service providers, and community resources.","urban challenges, technology solutions","Urban residents, investors",Join Platform
,Entrepreneur,Platform Features,Product Features,Needs Content,Medium,Key platform capabilities,Community Hub: Connect with neighbors and local businesses. Service Marketplace: Access vetted service providers instantly. Smart Notifications: Stay updated on community events. Integrated Payments: Seamless transactions for all services.,"platform features, urban technology",Platform users,Sign Up
,Executive Educator,Hero Section,Service Header,Needs Content,High,Nova Business School introduction,Nova Business School: Shaping Tomorrow's Business Leaders. World-class business education and executive training for the digital age.,"business education, executive training",Business professionals,View Programs
,Executive Educator,Programs Section,Course Offerings,Needs Content,High,Key academic programs,Driving Growth in the Digital Age: Executive program on digital transformation and innovation leadership. Executive Leadership Intensive: Comprehensive leadership development for senior executives. Custom Corporate Training: Bespoke training solutions for organizations.,"business programs, executive education","Executives, organizations",Enroll Now
,Books,Hero Section,Author Introduction,Needs Content,High,Books page introduction with author photo,"Published Works: Insights from decades of leadership experience, distilled into practical wisdom for today's business leaders and entrepreneurs.","leadership books, business books","Readers, leaders",Browse Books
,Books,Featured Books,Book Catalog,Needs Content,High,Main book collection display,The Gift: The Story I Was Once Too Afraid to Tell (Coming 2025). Leadership Excellence in the Digital Age: Navigating complexity with clarity. The Entrepreneurial Mindset: From healthcare to fintech transformation.,"book collection, leadership literature",Book buyers,Pre-order/Purchase
,Books,Author's Note,Personal Message,Sample Content Complete,Medium,Comprehensive personal message from the author explaining his writing philosophy and approach,"FROM THE AUTHOR'S DESK: Writing has always been my method of crystallizing the profound lessons embedded in each chapter of my professional journey. From the precision and life-or-death decision-making required in medical practice, to the strategic thinking and risk assessment demanded in international banking, from the innovation mindset essential in entrepreneurship, to the wisdom and patience required for effective executive coaching—each experience has fundamentally shaped my understanding of what it means to lead with both courage and compassion.
 

 I don't write to simply share knowledge—anyone can Google information. I write to create practical, immediately applicable tools that leaders can implement in their Monday morning meetings, their quarterly planning sessions, their difficult performance conversations, and their strategic visioning retreats. Every framework in my books has been stress-tested in boardrooms across six continents. Every case study comes from real transformations I've witnessed or guided. Every insight has been refined through hundreds of coaching conversations with executives facing genuine, complex challenges.
 

 My approach to leadership writing is intentionally anti-academic. While I respect scholarly research, my books serve as field guides for practitioners. They're designed to live on your desk, not your bookshelf—to be referenced during strategic planning, quoted in team meetings, and shared with colleagues facing similar challenges. Each chapter includes implementation templates, diagnostic questions, and progress indicators because transformation requires structure, not just inspiration.
 

 When you read my work, you're not just accessing my individual perspective. You're tapping into the collective wisdom of the 1000+ executives I've coached, the insights from business leaders across 80+ countries, the lessons learned from building companies in emerging markets, and the strategic frameworks developed through decades of cross-industry leadership experience. This is leadership development as collaborative journey, not individual lecture.","author message, writing philosophy, leadership development, practical application","Readers, business leaders, executives seeking practical wisdom",Subscribe to Updates
,Books,Endorsements,Social Proof,Needs Content,High,Book endorsements carousel,"A masterclass in modern leadership. This book should be required reading for every C-suite executive. - Dr. Michael Johnson, CEO. Practical wisdom that bridges traditional education and entrepreneurial realities. - Sarah Anderson, Founder.","book reviews, endorsements",Potential readers,Order Book
,Contact,Hero Section,Contact Header,Needs Content,Medium,Contact page introduction,Get In Touch: Ready to transform your leadership journey? Let's start a conversation about how we can work together.,"contact, consultation",Interested prospects,Send Message
,Contact,Contact Form,Lead Capture,Needs Content,High,Contact form with inquiry types,"Full Name, Email, Company, Inquiry Type (Executive Coaching, Speaking Engagement, Media Interview, Partnership, Academic Collaboration, Business Consulting), Message","contact form, lead generation",All prospects,Submit Form
,Contact,Contact Information,Contact Details,Needs Content,High,Contact information and office locations,"Email: hello@andersonuvie.com, LinkedIn: Connect for professional updates, Response Time: 24-48 hours. Office Locations: Lagos, Nigeria (Primary) and Accra, Ghana (Regional)","contact information, office locations",All visitors,Connect
,Footer,Professional Focus,Brand Positioning,Has Content,High,Brand statement in footer,"Executive coaching, leadership development, and business transformation across healthcare, finance, education, and entrepreneurship sectors.","brand positioning, services",All visitors,Contact
,Footer,Services Links,Navigation,Has Content,High,Service links in footer,"Quick access to Executive Coaching, Academic Programs, Venco Africa, and Published Works","service navigation, quick links",All visitors,Explore Services
,Footer,Global Reach,Credibility Stats,Has Content,Medium,Achievement highlights,"80+ Countries Served, 1000+ Executives Coached, Nova Business School affiliation, International Speaker","global credibility, achievements",All visitors,Learn More
,Footer,Newsletter Signup,Lead Generation,Needs Content,High,Newsletter subscription for insights,"Subscribe for insights on leadership, innovation, and business transformation delivered to your inbox.","newsletter, insights",All visitors,Subscribe